Offspring ID,Loci typed,First candidate ID,Loci typed,Pair loci compared,Pair loci mismatching,Pair LOD score,Second candidate ID,Loci typed,Pair loci compared,Pair loci mismatching,Pair LOD score,Trio loci compared,Trio loci mismatching,Trio LOD score,Trio Delta,Trio confidence
APCL_12031L2555,0
APCL_12055L2361,0
APCL_12057L2562,0
APCL_12061L2414,0
APCL_12063L2563,0
APCL_12067L2471,0
APCL_12068L2472,0
APCL_12072L2418,0
APCL_12076L2564,0
APCL_12080L2420,0
APCL_12090L2210,0
APCL_12103L2270,0
APCL_12112L2368,0
APCL_12114L2271,0
APCL_12115L2216,0
APCL_12122L2220,0
APCL_12123L2221,0
APCL_12124L2346,0
APCL_12126L2369,0
APCL_12136L2566,0
APCL_12143L2424,0
APCL_12149L2577,0
APCL_12152L2274,0
APCL_12162L2480,0
APCL_12166L2276,0
APCL_12168L2481,0
APCL_12169L2427,0
APCL_12173L2483,0
APCL_12178L2578,0
APCL_12180L2579,0
APCL_12181L2580,0
APCL_12187L2582,0
APCL_12188L2583,0
APCL_12189L2571,0
APCL_12195L2574,0
APCL_12196L2429,0
APCL_12199L2281,0
APCL_12202L2283,0
APCL_12204L2430,0
APCL_12205L2227,0
APCL_12206L2284,0
APCL_12207L2285,0
APCL_12213L2431,0
APCL_12214L2386,0
APCL_12217L2291,0
APCL_12219L2485,0
APCL_12250L2486,0
APCL_12258L2487,0
APCL_12266L2310,0
APCL_12275L2437,0
APCL_12276L2319,0
APCL_12282L2325,0
APCL_12286L2329,0
APCL_13001L0447,0
APCL_13002L0448,0
APCL_13003L0449,0
APCL_13005L0455,0
APCL_13006L0456,0
APCL_13010L0460,0
APCL_13014L0464,0
APCL_13019L0480,0
APCL_13020L0481,0
APCL_13022L0482,0
APCL_13023L0483,0
APCL_13025L0484,0
APCL_13026L0068,0
APCL_13028L0070,0
APCL_13029L0071,0
APCL_13031L0072,0
APCL_13032L0073,0
APCL_13033L0074,0
APCL_13034L0075,0
APCL_13035L0076,0
APCL_13036L0077,0
APCL_13037L0078,0
APCL_13038L0079,0
APCL_13039L0080,0
APCL_13040L0081,0
APCL_13041L0082,0
APCL_13047L0087,0
APCL_13048L0088,0
APCL_13049L0089,0
APCL_13051L0091,0
APCL_13052L0092,0
APCL_13053L0093,0
APCL_13054L0094,0
APCL_13056L0096,0
APCL_13057L0097,0
APCL_13058L0098,0
APCL_13060L0100,0
APCL_13061L0102,0
APCL_13062L0103,0
APCL_13064L0105,0
APCL_13065L0106,0
APCL_13066L0107,0
APCL_13067L0108,0
APCL_13068L0109,0
APCL_13069L0110,0
APCL_13071L0112,0
APCL_13074L0115,0
APCL_13075L0116,0
APCL_13076L0117,0
APCL_13077L0118,0
APCL_13078L0119,0
APCL_13079L0120,0
APCL_13084L0125,0
APCL_13093L0848,0
APCL_13094L0849,0
APCL_13095L0134,0
APCL_13098L0136,0
APCL_13099L0137,0
APCL_13101L0139,0
APCL_13103L0141,0
APCL_13104L0142,0
APCL_13105L0143,0
APCL_13106L0144,0
APCL_13107L0145,0
APCL_13108L0146,0
APCL_13110L0148,0
APCL_13111L0149,0
APCL_13112L0150,0
APCL_13113L0151,0
APCL_13116L0154,0
APCL_13117L0155,0
APCL_13121L0160,0
APCL_13122L0161,0
APCL_13123L0162,0
APCL_13124L0163,0
APCL_13125L0164,0
APCL_13127L0166,0
APCL_13128L0167,0
APCL_13133L0172,0
APCL_13138L0177,0
APCL_13140L0179,0
APCL_13141L0832,0
APCL_13142L0180,0
APCL_13143L0181,0
APCL_13148L0186,0
APCL_13150L0188,0
APCL_13151L0189,0
APCL_13152L0190,0
APCL_13153L0191,0
APCL_13154L0192,0
APCL_13155L0193,0
APCL_13156L0194,0
APCL_13157L0195,0
APCL_13159L0197,0
APCL_13161L0199,0
APCL_13165L0204,0
APCL_13166L0205,0
APCL_13167L0206,0
APCL_13168L0207,0
APCL_13169L0208,0
APCL_13171L0210,0
APCL_13172L0211,0
APCL_13173L0212,0
APCL_13174L1260,0
APCL_13179L0216,0
APCL_13181L0218,0
APCL_13183L0220,0
APCL_13184L0221,0
APCL_13185L0222,0
APCL_13186L0223,0
APCL_13188L0225,0
APCL_13189L0226,0
APCL_13191L0228,0
APCL_13194L0231,0
APCL_13195L0833,0
APCL_13197L0233,0
APCL_13199L0234,0
APCL_13201L0235,0
APCL_13204L0238,0
APCL_13211L0246,0
APCL_13212L0247,0
APCL_13213L0248,0
APCL_13214L0249,0
APCL_13215L0250,0
APCL_13221L0256,418,APCL_13618L0886,416,415,3,-5.69471298924354E+0001,APCL_14157L0715,414,413,1,-5.63154147649095E+0001,418,28,-2.15877854002069E+0002, 0.00000000000000E+0000,,
APCL_13223L0258,419,APCL_14111L0902,419,419,12,-6.13165457578278E+0001,APCL_14168L0912,417,417,3,-5.69748993600677E+0001,419,41,-2.38286424383604E+0002, 0.00000000000000E+0000,,
APCL_13224L0259,419,APCL_13560L0871,419,419,3, 3.97748886500621E+0001,APCL_14158L0909,418,418,1,-4.99706081353782E+0001,419,19,-8.82802421932873E+0001, 0.00000000000000E+0000,,
APCL_13227L0262,419,APCL_13420L0651,419,419,13,-7.08844065103408E+0001,APCL_14158L0909,418,418,4,-6.18849450753091E+0001,419,39,-2.27026515550233E+0002, 0.00000000000000E+0000,,
APCL_13229L0264,419,APCL_14158L0909,418,418,2,-3.61170767921933E+0001,APCL_14249L0816,419,419,5,-4.40826885662676E+0001,419,25,-1.66636974579315E+0002, 0.00000000000000E+0000,,
APCL_13230L0265,419,APCL_13631L0977,418,418,9,-5.92508347014516E+0001,APCL_14168L0912,417,417,4,-6.25800573465259E+0001,419,41,-2.40805047459343E+0002, 0.00000000000000E+0000,,
APCL_13234L0268,419,APCL_13530L0667,419,419,8,-6.12071924822380E+0001,APCL_14158L0909,418,418,4,-5.26383228545805E+0001,419,32,-2.00482558508049E+0002, 0.00000000000000E+0000,,
APCL_13235L0834,0
APCL_13237L0270,418,APCL_13618L0886,416,415,3,-4.66299442789808E+0001,APCL_14157L0715,414,413,2,-4.98131709618548E+0001,418,24,-1.80776364365000E+0002, 0.00000000000000E+0000,,
APCL_13238L0271,418,APCL_13618L0886,416,415,7,-5.32239606283091E+0001,APCL_14158L0909,418,417,4,-5.73969786342992E+0001,418,21,-1.54663385316260E+0002, 0.00000000000000E+0000,,
APCL_13240L0273,417,APCL_13530L0667,419,417,5,-4.31760409540826E+0001,APCL_14158L0909,418,416,3,-4.93831071705579E+0001,417,32,-1.96291157573711E+0002, 0.00000000000000E+0000,,
APCL_13245L0278,418,APCL_13618L0886,416,415,2,-4.49297938057905E+0001,APCL_14157L0715,414,413,3,-5.05075153986150E+0001,418,22,-1.68885859694485E+0002, 0.00000000000000E+0000,,
APCL_13247L0280,417,APCL_14158L0909,418,416,3,-5.80562312151111E+0001,APCL_14168L0912,417,415,2,-4.23763062387065E+0001,417,24,-1.89311652953877E+0002, 0.00000000000000E+0000,,
APCL_13249L0282,419,APCL_14014L0984,417,417,5,-5.67252185124444E+0001,APCL_14157L0715,414,414,5,-6.89781747996361E+0001,419,30,-2.13574701761352E+0002, 0.00000000000000E+0000,,
APCL_13250L0283,419,APCL_13478L0853,419,419,17,-1.08755283084955E+0002,APCL_14157L0715,414,414,5,-6.61993327280872E+0001,419,42,-2.58324679890980E+0002, 0.00000000000000E+0000,,
APCL_13253L0286,419,APCL_13530L0667,419,419,11,-8.47530221194358E+0001,APCL_14158L0909,418,418,5,-6.93651355349098E+0001,419,36,-2.39782123549211E+0002, 0.00000000000000E+0000,,
APCL_13255L0288,418,APCL_13618L0886,416,415,7,-7.74052150431826E+0001,APCL_14158L0909,418,417,4,-6.55855951795759E+0001,418,23,-1.92737047369471E+0002, 0.00000000000000E+0000,,
APCL_13260L0293,418,APCL_13618L0886,416,415,7,-5.71462829357101E+0001,APCL_14203L0786,418,417,8,-6.57507536805650E+0001,418,34,-2.01619759814861E+0002, 0.00000000000000E+0000,,
APCL_13261L0294,418,APCL_14014L0984,417,416,3,-4.43337929803450E+0001,APCL_14157L0715,414,413,6,-7.87228569324930E+0001,418,29,-2.09248844626925E+0002, 0.00000000000000E+0000,,
APCL_13263L0296,418,APCL_13618L0886,416,415,9,-7.51483282172696E+0001,APCL_14157L0715,414,413,3,-5.43487379319036E+0001,418,35,-2.36717690987090E+0002, 0.00000000000000E+0000,,
APCL_13265L0298,419,APCL_14157L0715,414,414,0,-3.96768832681590E+0001,APCL_14398L0739,418,418,3, 5.94897874971339E+0001,419,19,-5.81623987430060E+0001, 0.00000000000000E+0000,,
APCL_13266L0299,0
APCL_13268L0301,419,APCL_13269L0302,419,419,12,-8.24463403243802E+0001,APCL_14157L0715,414,414,2,-4.69224533048142E+0001,419,30,-1.90647020813079E+0002, 0.00000000000000E+0000,,
APCL_13272L0305,0
APCL_13274L0307,418,APCL_14157L0715,414,413,6,-6.99858957588463E+0001,APCL_14168L0912,417,416,3,-4.72782306298004E+0001,418,28,-2.07134170236258E+0002, 0.00000000000000E+0000,,
APCL_13280L0313,0
APCL_13281L0639,0
APCL_13286L0318,419,APCL_14014L0984,417,417,6,-6.59143277674765E+0001,APCL_14158L0909,418,418,1,-4.80773269069512E+0001,419,28,-2.07158742110614E+0002, 0.00000000000000E+0000,,
APCL_13287L0319,419,APCL_13381L0393,419,419,8,-4.63961403927295E+0001,APCL_14158L0909,418,418,3,-5.55384469923915E+0001,419,26,-1.66693220539032E+0002, 0.00000000000000E+0000,,
APCL_13289L0321,419,APCL_13618L0886,416,416,5,-6.03767034074150E+0001,APCL_14168L0912,417,417,3,-5.25157826612516E+0001,419,24,-1.82727793034972E+0002, 0.00000000000000E+0000,,
APCL_13291L0323,419,APCL_13618L0886,416,416,6,-7.19186100246205E+0001,APCL_14158L0909,418,418,5,-6.74484545649135E+0001,419,26,-2.01113580602309E+0002, 0.00000000000000E+0000,,
APCL_13292L0324,419,APCL_13618L0886,416,416,6,-7.05748584308432E+0001,APCL_14203L0786,418,418,8,-6.74063712460318E+0001,419,33,-2.14672022631449E+0002, 0.00000000000000E+0000,,
APCL_13294L0326,417,APCL_14168L0912,417,415,3,-5.08139278400028E+0001,APCL_14239L0755,419,417,9,-6.87802108558996E+0001,417,38,-2.30790111503111E+0002, 0.00000000000000E+0000,,
APCL_13298L0330,419,APCL_14017L0893,418,418,8,-5.13857136869336E+0001,APCL_14157L0715,414,414,2,-6.37498187265209E+0001,419,31,-2.07307025613096E+0002, 0.00000000000000E+0000,,
APCL_13299L0640,0
APCL_13300L0331,419,APCL_14157L0715,414,414,3,-4.66919505255371E+0001,APCL_14203L0786,418,418,10,-7.41009743250514E+0001,419,31,-1.99991924052021E+0002, 0.00000000000000E+0000,,
APCL_13306L0337,419,APCL_14157L0715,414,414,3,-5.57193695028160E+0001,APCL_14158L0909,418,418,2,-4.59647489059529E+0001,419,23,-1.97227927053938E+0002, 0.00000000000000E+0000,,
APCL_13309L0340,419,APCL_13349L0368,418,418,9,-4.70662949996192E+0001,APCL_14157L0715,414,414,1,-5.52209334029110E+0001,419,39,-2.25170674058865E+0002, 0.00000000000000E+0000,,
APCL_13316L0641,418,APCL_14158L0909,418,417,2,-5.98141472431346E+0001,APCL_14203L0786,418,417,7,-6.21432608900724E+0001,418,31,-2.14386729187290E+0002, 0.00000000000000E+0000,,
APCL_13318L0348,419,APCL_13366L0380,419,419,9,-1.60958083778033E+0001,APCL_14158L0909,418,418,5,-6.96338371107811E+0001,419,24,-1.29693754461166E+0002, 0.00000000000000E+0000,,
APCL_13321L2488,0
APCL_13325L0352,419,APCL_14158L0909,418,418,1,-4.63373006929654E+0001,APCL_14249L0816,419,419,6,-5.30961127891552E+0001,419,25,-1.78997098175492E+0002, 0.00000000000000E+0000,,
APCL_13327L0642,0
APCL_13332L0643,0
APCL_13341L0362,419,APCL_13295L0327,418,418,5, 3.12689452003720E+0001,APCL_14158L0909,418,418,2,-4.85893436780023E+0001,419,21,-7.93688051917575E+0001, 0.00000000000000E+0000,,
APCL_13342L0363,418,APCL_13618L0886,416,415,2,-4.68046392113684E+0001,APCL_14249L0816,419,418,1,-2.26461827017663E+0001,418,34,-2.17852287396325E+0002, 0.00000000000000E+0000,,
APCL_13346L0366,419,APCL_14014L0984,417,417,7,-6.72051787767396E+0001,APCL_14168L0912,417,417,3,-5.74785271813234E+0001,419,31,-2.13824189900593E+0002, 0.00000000000000E+0000,,
APCL_13351L0370,419,APCL_14157L0715,414,414,1,-4.27351002455074E+0001,APCL_14203L0786,418,418,4,-4.78882977729876E+0001,419,28,-1.87895967061906E+0002, 0.00000000000000E+0000,,
APCL_13353L0838,0
APCL_13357L0839,0
APCL_13358L0374,419,APCL_14014L0984,417,417,9,-7.88574247801587E+0001,APCL_14168L0912,417,417,2,-4.64775021934079E+0001,419,31,-2.07606842753985E+0002, 0.00000000000000E+0000,,
APCL_13359L0375,418,APCL_13251L0284,419,418,5,-4.11763539162520E+0001,APCL_14168L0912,417,416,2,-4.24657155393108E+0001,418,31,-1.86201639840966E+0002, 0.00000000000000E+0000,,
APCL_13361L0644,0
APCL_13362L0377,419,APCL_13307L0338,418,418,10,-7.22479337112215E+0001,APCL_14553L0974,418,418,0, 1.35858628514683E+0002,419,11, 7.42484276711584E+0001, 4.60808055235347E-0001,+,
APCL_13364L0378,0
APCL_13372L0385,419,APCL_14158L0909,418,418,2,-6.09916440995394E+0001,APCL_14538L0812,416,416,6,-4.56015920499853E+0001,419,33,-2.13932000366832E+0002, 0.00000000000000E+0000,,
APCL_13373L0386,419,APCL_14014L0984,417,417,5,-5.74521446438086E+0001,APCL_14168L0912,417,417,4,-5.03770526146498E+0001,419,32,-2.09954874504083E+0002, 0.00000000000000E+0000,,
APCL_13374L0387,419,APCL_14005L0721,419,419,3,-2.16921094737355E+0001,APCL_14158L0909,418,418,2,-6.08668784788584E+0001,419,33,-2.07603951861840E+0002, 0.00000000000000E+0000,,
APCL_13380L0392,419,APCL_14158L0909,418,418,4,-6.63555702239986E+0001,APCL_14554L0942,417,417,10,-6.15982143750595E+0001,419,32,-2.02814425091695E+0002, 0.00000000000000E+0000,,
APCL_13382L0394,418,APCL_14014L0984,417,416,5,-5.12043333966514E+0001,APCL_14168L0912,417,416,2,-5.48180793601614E+0001,418,38,-2.50095001622350E+0002, 0.00000000000000E+0000,,
APCL_13383L0840,0
APCL_13388L0398,418,APCL_13618L0886,416,415,5,-6.62421508727407E+0001,APCL_14158L0909,418,417,4,-7.97850270986806E+0001,418,19,-1.82648020420559E+0002, 0.00000000000000E+0000,,
APCL_13389L0399,0
APCL_13390L0400,417,APCL_14157L0715,414,412,6,-6.10207028358284E+0001,APCL_14158L0909,418,416,2,-5.13521530746244E+0001,417,26,-2.05194098825202E+0002, 0.00000000000000E+0000,,
APCL_13393L0841,0
APCL_13401L0405,411,APCL_14157L0715,414,406,2,-5.19541337869951E+0001,APCL_14158L0909,418,410,4,-7.31820706315444E+0001,411,27,-2.26796790520829E+0002, 0.00000000000000E+0000,,
APCL_13406L0407,415,APCL_13279L0312,419,415,8,-5.33394693938268E+0001,APCL_14158L0909,418,414,0,-3.08859983599572E+0001,415,31,-1.83854786211592E+0002, 0.00000000000000E+0000,,
APCL_13409L1307,0
APCL_13410L2489,0
APCL_13411L0842,0
APCL_13425L0653,419,APCL_14014L0984,417,417,6,-5.32789683273573E+0001,APCL_14158L0909,418,418,3,-4.62644286371590E+0001,419,25,-1.78282618677770E+0002, 0.00000000000000E+0000,,
APCL_13426L0450,0
APCL_13439L1308,0
APCL_13442L0850,0
APCL_13447L0846,418,APCL_14157L0715,414,413,3,-4.99754249761418E+0001,APCL_14168L0912,417,416,1,-3.14185740998923E+0001,418,25,-1.85986919724681E+0002, 0.00000000000000E+0000,,
APCL_13449L0851,0
APCL_13453L2490,0
APCL_13454L0877,0
APCL_13456L2491,0
APCL_13463L2492,0
APCL_13464L0847,419,APCL_14005L0721,419,419,0, 5.08660366038426E+0001,APCL_14158L0909,418,418,5,-8.96469225047532E+0001,419,20,-1.00455868815856E+0002, 0.00000000000000E+0000,,
APCL_13468L1269,0
APCL_13473L1309,0
APCL_13475L1310,0
APCL_13476L0852,419,APCL_13618L0886,416,416,5,-5.26759112578095E+0001,APCL_14169L0716,419,419,7,-6.11555025161061E+0001,419,28,-1.79848459961482E+0002, 0.00000000000000E+0000,,
APCL_13477L1263,0
APCL_13479L0854,419,APCL_13251L0284,419,419,5,-3.24094746483130E+0001,APCL_14157L0715,414,414,0,-3.88936776299089E+0001,419,22,-1.45112349391473E+0002, 0.00000000000000E+0000,,
APCL_13480L0855,418,APCL_14050L0727,419,418,10,-5.55530434429090E+0001,APCL_14169L0716,419,418,3,-4.34365816823939E+0001,418,29,-1.64420083973601E+0002, 0.00000000000000E+0000,,
APCL_13483L0470,0
APCL_13485L0658,419,APCL_13308L0339,418,418,10,-5.09356924372091E+0001,APCL_14095L0923,419,419,0, 1.34797930296047E+0002,419,14, 6.99219635426093E+0001, 1.98295460165714E+0000,+,
APCL_13489L0660,419,APCL_13618L0886,416,416,6,-6.77343038251870E+0001,APCL_14168L0912,417,417,5,-6.66243663032496E+0001,419,29,-2.07610638996883E+0002, 0.00000000000000E+0000,,
APCL_13490L0661,418,APCL_14157L0715,414,413,2,-5.58663917534411E+0001,APCL_14203L0786,418,417,6,-5.29427286510313E+0001,418,30,-2.01936603691486E+0002, 0.00000000000000E+0000,,
APCL_13495L0476,0
APCL_13500L2394,0
APCL_13502L2395,0
APCL_13507L2396,0
APCL_13509L2237,0
APCL_13512L2240,0
APCL_13514L2347,0
APCL_13518L0858,418,APCL_14158L0909,418,417,0,-5.19988796193083E+0001,APCL_14168L0912,417,416,1,-4.67187017284147E+0001,418,26,-2.16073983422976E+0002, 0.00000000000000E+0000,,
APCL_13519L1312,0
APCL_13522L0859,419,APCL_13618L0886,416,416,5,-6.54629898571375E+0001,APCL_14169L0716,419,419,2,-3.36895751115081E+0001,419,28,-1.97629397644942E+0002, 0.00000000000000E+0000,,
APCL_13525L1270,0
APCL_13527L0861,419,APCL_13530L0667,419,419,6,-5.82310560715550E+0001,APCL_14157L0715,414,414,3,-5.11258706401353E+0001,419,33,-2.11045544728127E+0002, 0.00000000000000E+0000,,
APCL_13531L1314,0
APCL_13536L0669,419,APCL_13618L0886,416,416,7,-6.69385607218198E+0001,APCL_14168L0912,417,417,3,-3.80760746522163E+0001,419,27,-1.83362958049480E+0002, 0.00000000000000E+0000,,
APCL_13539L0490,0
APCL_13541L0864,419,APCL_13269L0302,419,419,14,-8.83002121856940E+0001,APCL_14158L0909,418,418,4,-5.57666076829975E+0001,419,35,-2.14490604740847E+0002, 0.00000000000000E+0000,,
APCL_13543L0865,419,APCL_13618L0886,416,416,4,-6.53009967020954E+0001,APCL_14157L0715,414,414,2,-3.17488261983436E+0001,419,22,-1.60003743870535E+0002, 0.00000000000000E+0000,,
APCL_13550L0869,419,APCL_13297L0329,419,419,13,-8.73113522398009E+0001,APCL_14157L0715,414,414,6,-6.50630253770785E+0001,419,40,-2.41773821867970E+0002, 0.00000000000000E+0000,,
APCL_13556L0870,419,APCL_13481L0657,419,419,12,-6.55118710294844E+0001,APCL_14014L0984,417,417,5,-6.47508131052132E+0001,419,40,-2.20846579572845E+0002, 0.00000000000000E+0000,,
APCL_13558L2493,0
APCL_13561L2494,0
APCL_13563L0873,418,APCL_14014L0984,417,416,7,-7.19821262839039E+0001,APCL_14158L0909,418,417,4,-6.83242996140169E+0001,418,27,-2.04522624740575E+0002, 0.00000000000000E+0000,,
APCL_13572L0874,412,APCL_14157L0715,414,407,3,-5.47197846426732E+0001,APCL_14168L0912,417,410,4,-5.44498198189914E+0001,412,23,-1.85768187460163E+0002, 0.00000000000000E+0000,,
APCL_13574L0875,419,APCL_13297L0329,419,419,14,-8.76590098171632E+0001,APCL_14157L0715,414,414,7,-8.09268781015687E+0001,419,36,-2.25102024450210E+0002, 0.00000000000000E+0000,,
APCL_13581L0876,419,APCL_13282L0314,418,418,11,-6.65330386598662E+0001,APCL_14157L0715,414,414,4,-6.01692414791450E+0001,419,34,-2.08140909043208E+0002, 0.00000000000000E+0000,,
APCL_13582L2495,0
APCL_13586L1272,0
APCL_13589L0879,419,APCL_14157L0715,414,414,7,-8.31534179446437E+0001,APCL_14248L0757,418,418,5,-3.38289555565355E+0001,419,27,-1.78714544158672E+0002, 0.00000000000000E+0000,,
APCL_13590L0679,419,APCL_13267L0300,419,419,10,-5.92329371841567E+0001,APCL_14158L0909,418,418,1,-5.81250445569769E+0001,419,34,-2.14892770413011E+0002, 0.00000000000000E+0000,,
APCL_13593L1318,0
APCL_13600L0682,419,APCL_13618L0886,416,416,4,-6.14974762282562E+0001,APCL_14168L0912,417,417,3,-4.53071370467836E+0001,419,28,-2.02606126325397E+0002, 0.00000000000000E+0000,,
APCL_13601L0683,419,APCL_13618L0886,416,416,3,-5.41449893051966E+0001,APCL_14158L0909,418,418,3,-6.97341192128454E+0001,419,22,-1.90326934910794E+0002, 0.00000000000000E+0000,,
APCL_13607L1320,0
APCL_13609L2529,0
APCL_13616L0885,418,APCL_14157L0715,414,413,5,-6.09158740965011E+0001,APCL_14158L0909,418,417,3,-5.35870186372862E+0001,418,26,-2.03671467724404E+0002, 0.00000000000000E+0000,,
APCL_13617L2496,0
APCL_13624L0887,419,APCL_13618L0886,416,416,5,-5.99268661110693E+0001,APCL_14168L0912,417,417,2,-3.62906172285667E+0001,419,24,-1.68781004061147E+0002, 0.00000000000000E+0000,,
APCL_13626L0691,419,APCL_13313L0344,419,419,0, 1.38393438520586E+0002,APCL_13618L0886,416,416,0, 6.46489607500447E+0001,419,4, 1.17576698660036E+0002, 1.92559495940311E+0001,*,
APCL_13628L0692,419,APCL_14158L0909,418,418,3,-4.48813164840411E+0001,APCL_14554L0942,417,417,10,-6.67458458242745E+0001,419,36,-2.12656307767386E+0002, 0.00000000000000E+0000,,
APCL_13629L0976,418,APCL_14014L0984,417,416,3,-4.34232559717448E+0001,APCL_14158L0909,418,417,0,-4.30578912121620E+0001,418,26,-1.92376057375488E+0002, 0.00000000000000E+0000,,
APCL_13632L0508,0
APCL_13633L0693,417,APCL_14014L0984,417,415,2,-4.09574477543492E+0001,APCL_14158L0909,418,416,1,-5.26072291714387E+0001,417,27,-2.02528420840124E+0002, 0.00000000000000E+0000,,
APCL_13636L0888,418,APCL_13618L0886,416,415,8,-8.94489207641191E+0001,APCL_14169L0716,419,418,7,-6.10534530145519E+0001,418,27,-1.97596240045932E+0002, 0.00000000000000E+0000,,
APCL_13637L0509,0
APCL_13638L0889,419,APCL_14014L0984,417,417,3,-5.46544272357375E+0001,APCL_14158L0909,418,418,1,-4.85945876898125E+0001,419,34,-2.43048617881440E+0002, 0.00000000000000E+0000,,
APCL_13639L0979,419,APCL_13618L0886,416,416,2,-2.24432264209161E+0001,APCL_13651L0980,419,419,0, 1.31528507542008E+0002,419,2, 9.85592706260922E+0001, 1.41116673661204E+0001,*,
APCL_13641L0511,0
APCL_13642L0694,418,APCL_14043L0725,418,417,8,-4.62635695627051E+0001,APCL_14157L0715,414,413,1,-3.88477004986706E+0001,418,37,-2.07528877728245E+0002, 0.00000000000000E+0000,,
APCL_13646L0695,418,APCL_13655L0698,419,418,8,-4.78004139720063E+0001,APCL_14158L0909,418,417,1,-3.59472092636112E+0001,418,32,-1.89027072082495E+0002, 0.00000000000000E+0000,,
APCL_13647L0561,0
APCL_13648L0513,0
APCL_13649L0891,419,APCL_13618L0886,416,416,4,-6.27493720544101E+0001,APCL_14169L0716,419,419,2,-5.52460002052116E+0001,419,28,-2.10441769340116E+0002, 0.00000000000000E+0000,,
APCL_13653L0696,419,APCL_13618L0886,416,416,5,-6.24079270901947E+0001,APCL_14158L0909,418,418,1,-5.15991794225535E+0001,419,28,-2.14204416011397E+0002, 0.00000000000000E+0000,,
APCL_13654L0697,418,APCL_14088L0922,419,418,0, 1.27700408514619E+0002,APCL_14203L0786,418,417,5,-4.18994117784597E+0001,418,5, 8.71258337644012E+0001, 2.96413767155069E+0000,*,
APCL_13657L0646,418,APCL_13655L0698,419,418,12,-9.45358893127997E+0001,APCL_14157L0715,414,413,3,-5.45932450489327E+0001,418,39,-2.44472948511040E+0002, 0.00000000000000E+0000,,
APCL_13659L2497,0
APCL_13661L2498,0
APCL_13662L2499,0
APCL_13663L1008,0
APCL_13664L1010,0
APCL_13666L0981,418,APCL_13655L0698,419,418,7,-6.90327863790861E+0001,APCL_14157L0715,414,413,0,-3.75477663465242E+0001,418,35,-2.20180789644799E+0002, 0.00000000000000E+0000,,
APCL_13667L0982,419,APCL_13618L0886,416,416,5,-6.06126385079788E+0001,APCL_14158L0909,418,418,3,-6.26154977056886E+0001,419,27,-2.06636638878132E+0002, 0.00000000000000E+0000,,
APCL_14001L0983,418,APCL_14009L0687,419,418,7,-4.40838106637424E+0001,APCL_14158L0909,418,417,2,-3.52185367637696E+0001,418,26,-1.52920437496856E+0002, 0.00000000000000E+0000,,
APCL_14002L0892,419,APCL_13618L0886,416,416,1,-4.85293172401714E+0001,APCL_14157L0715,414,414,1,-4.98500254273845E+0001,419,26,-1.98123535131559E+0002, 0.00000000000000E+0000,,
APCL_14003L0719,416,APCL_14050L0727,419,416,10,-6.41523802009963E+0001,APCL_14157L0715,414,411,4,-6.27037993973915E+0001,416,38,-2.32173281870784E+0002, 0.00000000000000E+0000,,
APCL_14018L0699,418,APCL_14157L0715,414,413,6,-6.64381422205123E+0001,APCL_14203L0786,418,417,11,-7.44155700126061E+0001,418,33,-2.00879636008415E+0002, 0.00000000000000E+0000,,
APCL_14020L0775,419,APCL_13618L0886,416,416,4,-4.93361265752428E+0001,APCL_14158L0909,418,418,0,-3.30326731436534E+0001,419,31,-2.11501658933036E+0002, 0.00000000000000E+0000,,
APCL_14024L0515,0
APCL_14025L0516,0
APCL_14026L0776,419,APCL_13530L0667,419,419,3,-3.09372781516084E+0001,APCL_14157L0715,414,414,1,-4.83266231928479E+0001,419,29,-1.88467136640721E+0002, 0.00000000000000E+0000,,
APCL_14027L0517,0
APCL_14028L0518,0
APCL_14031L0519,0
APCL_14032L0947,413,APCL_13618L0886,416,410,6,-6.84414390992861E+0001,APCL_14169L0716,419,413,2,-4.36464508338314E+0001,413,35,-2.31616776982553E+0002, 0.00000000000000E+0000,,
APCL_14034L0555,0
APCL_14036L0723,419,APCL_13618L0886,416,416,7,-7.84341862385642E+0001,APCL_14239L0755,419,419,14,-9.22216372596412E+0001,419,42,-2.54978612932554E+0002, 0.00000000000000E+0000,,
APCL_14038L0541,0
APCL_14039L0777,419,APCL_14052L0920,419,419,4,-3.94090937978584E+0001,APCL_14158L0909,418,418,3,-5.65494909590769E+0001,419,33,-2.04226410363559E+0002, 0.00000000000000E+0000,,
APCL_14040L0918,419,APCL_13618L0886,416,416,4,-6.71127588645701E+0001,APCL_14168L0912,417,417,2,-5.19975730621648E+0001,419,30,-2.24729373231380E+0002, 0.00000000000000E+0000,,
APCL_14045L0948,418,APCL_14014L0984,417,416,5,-6.41320160991680E+0001,APCL_14158L0909,418,417,2,-6.88625361694650E+0001,418,27,-2.18850137797927E+0002, 0.00000000000000E+0000,,
APCL_14046L0749,419,APCL_14014L0984,417,417,10,-8.00967984651535E+0001,APCL_14168L0912,417,417,8,-8.45470533843395E+0001,419,36,-2.44307619689135E+0002, 0.00000000000000E+0000,,
APCL_14048L0985,419,APCL_13618L0886,416,416,4,-4.20924012950643E+0001,APCL_14157L0715,414,414,4,-6.39275768900789E+0001,419,29,-1.99863719720551E+0002, 0.00000000000000E+0000,,
APCL_14049L0726,419,APCL_13565L0670,418,418,0, 1.45140129538889E+0002,APCL_14158L0909,418,418,4,-4.65257967215205E+0001,419,7, 6.49886803553238E+0001, 4.95422271002909E-0001,+,
APCL_14053L0949,419,APCL_13379L0391,419,419,13,-7.00021869073753E+0001,APCL_14157L0715,414,414,1,-5.01453766028738E+0001,419,35,-2.19532251151527E+0002, 0.00000000000000E+0000,,
APCL_14055L0524,0
APCL_14058L0986,419,APCL_14157L0715,414,414,3,-5.86627609620204E+0001,APCL_14249L0816,419,419,6,-5.20536231960584E+0001,419,30,-2.14937760477851E+0002, 0.00000000000000E+0000,,
APCL_14060L0921,419,APCL_14157L0715,414,414,2,-4.96163784271865E+0001,APCL_14158L0909,418,418,1,-5.19853196624464E+0001,419,19,-1.73973511530729E+0002, 0.00000000000000E+0000,,
APCL_14061L0952,417,APCL_13618L0886,416,414,5,-5.93697122122329E+0001,APCL_14158L0909,418,416,2,-4.94960649903115E+0001,417,23,-1.76180844963860E+0002, 0.00000000000000E+0000,,
APCL_14063L0953,417,APCL_13618L0886,416,414,3,-5.57940754487828E+0001,APCL_14157L0715,414,412,4,-6.24936246650342E+0001,417,20,-1.75938167397167E+0002, 0.00000000000000E+0000,,
APCL_14064L0894,419,APCL_14157L0715,414,414,4,-6.14563654088126E+0001,APCL_14168L0912,417,417,4,-5.87795155013155E+0001,419,25,-2.03144591271291E+0002, 0.00000000000000E+0000,,
APCL_14065L0895,419,APCL_13384L0395,419,419,8,-4.69951820251189E+0001,APCL_14158L0909,418,418,2,-4.54900374435375E+0001,419,28,-1.66484620239625E+0002, 0.00000000000000E+0000,,
APCL_14066L0702,419,APCL_13618L0886,416,416,8,-9.09352371971272E+0001,APCL_14157L0715,414,414,5,-5.67879549113537E+0001,419,28,-2.07744288634406E+0002, 0.00000000000000E+0000,,
APCL_14067L0896,419,APCL_14014L0984,417,417,6,-6.43937242566129E+0001,APCL_14168L0912,417,417,1,-3.75036441733878E+0001,419,33,-2.21766295183784E+0002, 0.00000000000000E+0000,,
APCL_14071L0897,418,APCL_14014L0984,417,416,4,-4.88402994152935E+0001,APCL_14157L0715,414,413,3,-6.09773730123190E+0001,418,28,-2.02297918215382E+0002, 0.00000000000000E+0000,,
APCL_14074L0705,417,APCL_13618L0886,416,414,8,-7.96346333862992E+0001,APCL_14169L0716,419,417,7,-7.24439581063432E+0001,417,38,-2.59372682674111E+0002, 0.00000000000000E+0000,,
APCL_14075L0898,417,APCL_14157L0715,414,412,1,-5.11336109585381E+0001,APCL_14554L0942,417,415,11,-7.05830661996664E+0001,417,29,-1.90345629486676E+0002, 0.00000000000000E+0000,,
APCL_14076L0899,419,APCL_14158L0909,418,418,1,-4.80421490576112E+0001,APCL_14249L0816,419,419,7,-4.69779564880522E+0001,419,27,-1.89662294915148E+0002, 0.00000000000000E+0000,,
APCL_14077L0900,419,APCL_14158L0909,418,418,6,-6.32771045103204E+0001,APCL_14249L0816,419,419,6,-3.40099947315897E+0001,419,28,-1.68857548883316E+0002, 0.00000000000000E+0000,,
APCL_14079L0706,418,APCL_13618L0886,416,415,3,-5.09052826015461E+0001,APCL_14249L0816,419,418,9,-7.20532233395757E+0001,418,39,-2.39021241957438E+0002, 0.00000000000000E+0000,,
APCL_14080L0707,410,APCL_14014L0984,417,408,3,-5.85433580374068E+0001,APCL_14169L0716,419,410,6,-5.73085325207992E+0001,410,29,-1.98757130382331E+0002, 0.00000000000000E+0000,,
APCL_14086L0708,419,APCL_14014L0984,417,417,6,-5.86378006928365E+0001,APCL_14158L0909,418,418,3,-5.92829436340223E+0001,419,34,-2.24541662803830E+0002, 0.00000000000000E+0000,,
APCL_14089L1339,0
APCL_14092L2518,0
APCL_14093L2519,0
APCL_14099L1330,0
APCL_14101L0925,419,APCL_14157L0715,414,414,7,-8.51773551478916E+0001,APCL_14239L0755,419,419,10,-7.20534355644310E+0001,419,36,-2.31184934582597E+0002, 0.00000000000000E+0000,,
APCL_14103L0988,418,APCL_14014L0984,417,416,2,-2.24609756886882E+0001,APCL_14157L0715,414,413,3,-6.74175031574192E+0001,418,26,-1.83868904923131E+0002, 0.00000000000000E+0000,,
APCL_14107L0989,419,APCL_14014L0984,417,417,9,-7.61821815649846E+0001,APCL_14158L0909,418,418,7,-9.42988114880908E+0001,419,38,-2.69934963060719E+0002, 0.00000000000000E+0000,,
APCL_14109L2241,0
APCL_14110L0901,419,APCL_14014L0984,417,417,3,-4.68639179828991E+0001,APCL_14158L0909,418,418,2,-6.17978774398353E+0001,419,28,-2.10285462453356E+0002, 0.00000000000000E+0000,,
APCL_14112L0709,413,APCL_13618L0886,416,410,0,-3.92746213444778E+0001,APCL_14157L0715,414,408,2,-6.32631554667199E+0001,413,29,-2.20737775429688E+0002, 0.00000000000000E+0000,,
APCL_14114L0903,419,APCL_13530L0667,419,419,7,-5.15673331008747E+0001,APCL_14157L0715,414,414,2,-4.68663664333543E+0001,419,31,-1.92433742565900E+0002, 0.00000000000000E+0000,,
APCL_14120L0711,418,APCL_13618L0886,416,415,4,-4.33669338433633E+0001,APCL_14158L0909,418,417,3,-4.95385278474047E+0001,418,28,-1.82592425999226E+0002, 0.00000000000000E+0000,,
APCL_14123L0905,418,APCL_13305L0336,419,418,7,-4.30957776962589E+0001,APCL_14157L0715,414,413,1,-3.75479142894329E+0001,418,30,-1.78776080258279E+0002, 0.00000000000000E+0000,,
APCL_14125L2348,0
APCL_14129L0906,419,APCL_14157L0715,414,414,6,-8.42909319175277E+0001,APCL_14169L0716,419,419,3,-5.68944315478325E+0001,419,36,-2.66866777825103E+0002, 0.00000000000000E+0000,,
APCL_14130L2244,0
APCL_14132L2245,0
APCL_14133L0713,419,APCL_13618L0886,416,416,5,-5.52176878609827E+0001,APCL_14169L0716,419,419,3,-4.11129378643666E+0001,419,28,-1.85208506903517E+0002, 0.00000000000000E+0000,,
APCL_14134L0752,419,APCL_14158L0909,418,418,0,-4.43788166048541E+0001,APCL_14168L0912,417,417,1,-4.46961386672107E+0001,419,17,-1.62712195250411E+0002, 0.00000000000000E+0000,,
APCL_14135L0954,419,APCL_13566L0671,418,418,9,-5.85104386982053E+0001,APCL_14158L0909,418,418,0,-4.44803462759984E+0001,419,38,-2.28210944093385E+0002, 0.00000000000000E+0000,,
APCL_14138L0926,419,APCL_13618L0886,416,416,5,-6.39107369321072E+0001,APCL_14158L0909,418,418,2,-6.13969750850000E+0001,419,31,-2.33681336611333E+0002, 0.00000000000000E+0000,,
APCL_14139L2246,0
APCL_14142L0927,419,APCL_13618L0886,416,416,4,-4.71981636396435E+0001,APCL_14168L0912,417,417,3,-4.90385264473717E+0001,419,26,-1.77967803673310E+0002, 0.00000000000000E+0000,,
APCL_14143L0714,419,APCL_13618L0886,416,416,4,-4.87771433704497E+0001,APCL_14157L0715,414,414,3,-6.26971751859971E+0001,419,33,-2.34278439653871E+0002, 0.00000000000000E+0000,,
APCL_14144L0907,418,APCL_14158L0909,418,417,2,-5.15976945324567E+0001,APCL_14554L0942,417,416,12,-7.44506444785241E+0001,418,41,-2.50610267075688E+0002, 0.00000000000000E+0000,,
APCL_14145L0779,419,APCL_13656L0773,419,419,14,-7.77757326035796E+0001,APCL_14157L0715,414,414,0,-5.12502128263967E+0001,419,37,-2.24100345973904E+0002, 0.00000000000000E+0000,,
APCL_14150L0729,418,APCL_13618L0886,416,415,2,-3.59783627210407E+0001,APCL_14158L0909,418,417,3,-5.98066258487844E+0001,418,27,-1.98380637084279E+0002, 0.00000000000000E+0000,,
APCL_14151L2509,0
APCL_14152L2510,0
APCL_14154L0955,419,APCL_13584L0677,419,419,1, 3.18415182674705E+0001,APCL_14157L0715,414,414,0, 8.65093180382225E+0000,419,28,-9.85503687791948E+0001, 0.00000000000000E+0000,,
APCL_14155L0730,419,APCL_13584L0677,419,419,0, 1.34248239944241E+0002,APCL_14157L0715,414,414,1,-3.79305702071062E+0000,419,4, 8.88158876803745E+0001, 1.81779285944564E+0001,*,
APCL_14156L0908,418,APCL_13584L0677,419,418,0, 6.47536903679722E+0001,APCL_14157L0715,414,413,0, 4.97190363169582E+0001,418,18, 2.19282255795440E+0001, 2.19282255795440E+0001,*,
APCL_14159L0781,417,APCL_14158L0909,418,416,1, 5.50208522134323E+0001,APCL_14169L0716,419,417,0, 1.47062271105152E+0001,417,25,-5.05323541803162E+0001, 0.00000000000000E+0000,,
APCL_14160L0910,417,APCL_14157L0715,414,412,0,-1.11678450930596E+0000,APCL_14168L0912,417,415,0, 6.28712792129597E+0001,417,19,-3.90211855303576E+0001, 0.00000000000000E+0000,,
APCL_14161L0911,417,APCL_14158L0909,418,416,0, 1.44199347561270E+0001,APCL_14168L0912,417,415,0, 5.73096128076556E+0001,417,11,-4.07778065360564E+0000, 0.00000000000000E+0000,,
APCL_14162L0956,417,APCL_14146L0780,417,415,4,-2.54185298124408E+0001,APCL_14158L0909,418,416,0,-3.37875392185833E+0001,417,31,-1.74540738627077E+0002, 0.00000000000000E+0000,,
APCL_14164L0782,418,APCL_14157L0715,414,413,0,-1.78890030295500E+0001,APCL_14172L0753,419,418,3,-2.55996996962364E+0001,418,37,-1.88238584896324E+0002, 0.00000000000000E+0000,,
APCL_14166L0558,0
APCL_14167L0957,418,APCL_14158L0909,418,417,0,-2.24856022721296E+0000,APCL_14168L0912,417,416,1, 4.89411191533090E+0000,418,17,-8.63470580632819E+0001, 0.00000000000000E+0000,,
APCL_14170L0731,411,APCL_14014L0984,417,409,2,-2.85894472286618E+0001,APCL_14157L0715,414,407,3,-4.43537508387845E+0001,411,34,-1.97667083156191E+0002, 0.00000000000000E+0000,,
APCL_14171L0732,419,APCL_14157L0715,414,414,1,-4.43797090173778E+0001,APCL_14158L0909,418,418,2,-4.89074285488152E+0001,419,28,-2.16167418332479E+0002, 0.00000000000000E+0000,,
APCL_14173L0754,417,APCL_13618L0886,416,415,8,-8.00096699077688E+0001,APCL_14158L0909,418,416,7,-8.95016784133231E+0001,417,25,-2.06654468792578E+0002, 0.00000000000000E+0000,,
APCL_14174L0559,0
APCL_14177L0913,419,APCL_14168L0912,417,417,0, 4.01223307700305E+0001,APCL_14169L0716,419,419,0, 6.19297199173487E+0001,419,15,-1.83676656813474E+0001, 0.00000000000000E+0000,,
APCL_14179L1332,0
APCL_14182L1324,0
APCL_14183L0734,419,APCL_14014L0984,417,417,4,-5.06611827183219E+0001,APCL_14158L0909,418,418,3,-6.66377033675518E+0001,419,28,-2.09566117478769E+0002, 0.00000000000000E+0000,,
APCL_14185L0914,417,APCL_14158L0909,418,416,0,-9.80752198576737E+0000,APCL_14202L0915,419,417,0, 2.86473094496163E+0001,417,36,-1.50001468562077E+0002, 0.00000000000000E+0000,,
APCL_14186L0526,0
APCL_14187L0928,414,APCL_13297L0329,419,414,3,-4.10711368138566E+0001,APCL_14158L0909,418,413,0,-3.50997590898670E+0001,414,39,-2.31978278496533E+0002, 0.00000000000000E+0000,,
APCL_14188L2248,0
APCL_14189L0784,415,APCL_13618L0886,416,412,2,-4.05831981906762E+0001,APCL_14157L0715,414,410,1,-2.68251143171641E+0001,415,37,-2.25891485506894E+0002, 0.00000000000000E+0000,,
APCL_14190L0993,419,APCL_13368L0382,416,416,14,-8.96430496747266E+0001,APCL_14158L0909,418,418,4,-6.45620980259357E+0001,419,40,-2.42908278665439E+0002, 0.00000000000000E+0000,,
APCL_14191L0717,419,APCL_14157L0715,414,414,0,-5.05661553157610E+0001,APCL_14249L0816,419,419,3,-3.91312562454814E+0001,419,30,-2.11128843789060E+0002, 0.00000000000000E+0000,,
APCL_14192L0785,419,APCL_13621L0689,417,417,5,-3.63049174396456E+0001,APCL_14158L0909,418,418,1,-4.37445385704919E+0001,419,33,-1.98944386375989E+0002, 0.00000000000000E+0000,,
APCL_14193L1333,0
APCL_14194L2397,0
APCL_14195L0929,417,APCL_14157L0715,414,412,0,-3.24591370554673E+0001,APCL_14203L0786,418,416,0,-7.05050170144978E+0000,417,37,-2.15841585822889E+0002, 0.00000000000000E+0000,,
APCL_14196L0958,417,APCL_13618L0886,416,414,1,-3.13221770966874E+0001,APCL_14157L0715,414,412,0,-2.84734019397356E+0001,417,38,-2.26893008217352E+0002, 0.00000000000000E+0000,,
APCL_14198L0718,415,APCL_13618L0886,416,412,0,-2.35410140164211E+0001,APCL_14157L0715,414,410,0,-1.76185139884335E+0001,415,43,-2.25963345494337E+0002, 0.00000000000000E+0000,,
APCL_14204L0994,417,APCL_14158L0909,418,416,0,-2.22516160629572E+0001,APCL_14203L0786,418,416,0, 2.75334049761153E+0001,417,39,-1.76370689322252E+0002, 0.00000000000000E+0000,,
APCL_14205L2512,0
APCL_14206L0930,412,APCL_14014L0984,417,410,5,-5.59418424199371E+0001,APCL_14157L0715,414,407,5,-7.58455226593864E+0001,412,26,-1.96025145502291E+0002, 0.00000000000000E+0000,,
APCL_14208L0995,419,APCL_13312L0343,418,418,11,-6.84382256672903E+0001,APCL_14158L0909,418,418,4,-6.81562654006434E+0001,419,37,-2.27248387795942E+0002, 0.00000000000000E+0000,,
APCL_14209L0996,419,APCL_13621L0689,417,417,5,-4.35733753162220E+0001,APCL_14249L0816,419,419,1,-2.44334989139730E+0001,419,39,-2.15066083383084E+0002, 0.00000000000000E+0000,,
APCL_14210L0916,414,APCL_13530L0667,419,414,0,-2.92101406346452E+0001,APCL_14158L0909,418,413,0,-5.49011518920455E+0000,414,43,-2.19926444801690E+0002, 0.00000000000000E+0000,,
APCL_14211L0917,415,APCL_14005L0721,419,415,2,-2.25762702553719E+0001,APCL_14158L0909,418,414,0,-3.04313722790155E+0001,415,39,-2.19550583745255E+0002, 0.00000000000000E+0000,,
APCL_14212L0959,418,APCL_13618L0886,416,415,1,-3.09009413530413E+0001,APCL_14168L0912,417,416,1,-2.19804081584981E+0001,418,29,-1.75547812644982E+0002, 0.00000000000000E+0000,,
APCL_14213L1295,0
APCL_14214L0523,0
APCL_14218L1299,0
APCL_14219L0629,0
APCL_14220L0960,418,APCL_13350L0369,419,418,11,-6.57000571018042E+0001,APCL_14158L0909,418,417,4,-6.30970653490731E+0001,418,42,-2.50650656585610E+0002, 0.00000000000000E+0000,,
APCL_14223L0932,419,APCL_13618L0886,416,416,11,-9.20781574107126E+0001,APCL_14158L0909,418,418,7,-7.10534800330968E+0001,419,40,-2.62284869880901E+0002, 0.00000000000000E+0000,,
APCL_14224L0527,0
APCL_14225L0735,419,APCL_13322L0350,419,419,12,-7.44136466897602E+0001,APCL_14158L0909,418,418,4,-5.94023082985147E+0001,419,37,-2.15789501830204E+0002, 0.00000000000000E+0000,,
APCL_14226L0787,418,APCL_14014L0984,417,416,2,-3.00415629277719E+0001,APCL_14168L0912,417,416,1,-4.41752852957587E+0001,418,21,-1.52752490644526E+0002, 0.00000000000000E+0000,,
APCL_14227L1289,0
APCL_14228L0788,419,APCL_14005L0721,419,419,9,-6.00583075927333E+0001,APCL_14158L0909,418,418,2,-5.59369825389948E+0001,419,31,-2.04088031945386E+0002, 0.00000000000000E+0000,,
APCL_14229L0789,418,APCL_14157L0715,414,413,2,-4.78250374439163E+0001,APCL_14158L0909,418,417,2,-3.78817737332238E+0001,418,16,-1.45956877503513E+0002, 0.00000000000000E+0000,,
APCL_14230L0997,418,APCL_14004L0720,418,417,14,-7.62760556590078E+0001,APCL_14249L0816,419,418,6,-5.27198937163308E+0001,418,51,-2.70701865363833E+0002, 0.00000000000000E+0000,,
APCL_14231L0790,419,APCL_14157L0715,414,414,6,-7.57981148123917E+0001,APCL_14169L0716,419,419,6,-5.52080886947968E+0001,419,28,-2.04091788738551E+0002, 0.00000000000000E+0000,,
APCL_14232L0998,418,APCL_14158L0909,418,417,3,-6.39383094742168E+0001,APCL_14538L0812,416,415,9,-4.59586986571391E+0001,418,37,-2.25183209237064E+0002, 0.00000000000000E+0000,,
APCL_14233L0791,418,APCL_14157L0715,414,413,0,-2.92061685433169E+0001,APCL_14239L0755,419,418,3,-3.15748604711162E+0001,418,25,-1.56274736099846E+0002, 0.00000000000000E+0000,,
APCL_14234L0999,418,APCL_13492L0857,419,418,4,-3.30911443601247E+0001,APCL_14158L0909,418,417,0,-4.53770980422053E+0001,418,21,-1.45686093813151E+0002, 0.00000000000000E+0000,,
APCL_14236L1000,419,APCL_13530L0667,419,419,5,-4.48331034125388E+0001,APCL_13618L0886,416,416,4,-5.23080462504437E+0001,419,38,-2.26193327177157E+0002, 0.00000000000000E+0000,,
APCL_14237L1001,419,APCL_14014L0984,417,417,7,-7.24403977072749E+0001,APCL_14157L0715,414,414,5,-6.74605354308294E+0001,419,31,-2.19311091673093E+0002, 0.00000000000000E+0000,,
APCL_14238L0961,417,APCL_14014L0984,417,415,6,-6.76283087406064E+0001,APCL_14157L0715,414,412,4,-5.80995841790781E+0001,417,32,-2.20680560517968E+0002, 0.00000000000000E+0000,,
APCL_14241L0736,419,APCL_14158L0909,418,418,3,-6.19508780309856E+0001,APCL_14249L0816,419,419,4, 2.07926990684984E+0000,419,18,-1.13411617589386E+0002, 0.00000000000000E+0000,,
APCL_14242L0756,417,APCL_14157L0715,414,412,2,-4.57326760756029E+0001,APCL_14158L0909,418,416,0,-3.37185163476094E+0001,417,24,-1.84887060781790E+0002, 0.00000000000000E+0000,,
APCL_14245L0528,0
APCL_14246L0712,419,APCL_13618L0886,416,416,5,-6.13183502234090E+0001,APCL_14158L0909,418,418,1,-5.27559865460780E+0001,419,28,-2.14838798791158E+0002, 0.00000000000000E+0000,,
APCL_14251L0545,0
APCL_14252L2530,0
APCL_14258L0529,0
APCL_14259L0568,0
APCL_14260L1348,0
APCL_14264L0570,0
APCL_14265L0571,0
APCL_14268L0574,0
APCL_14269L0575,0
APCL_14270L1013,418,APCL_13618L0886,416,415,3,-5.53752441200740E+0001,APCL_14158L0909,418,417,3,-6.79057521807283E+0001,418,22,-1.90493539118789E+0002, 0.00000000000000E+0000,,
APCL_14271L2523,0
APCL_14273L2526,0
APCL_14274L0576,0
APCL_14277L0578,0
APCL_14278L0579,0
APCL_14282L0582,0
APCL_14284L0584,0
APCL_14287L0587,0
APCL_14289L0589,0
APCL_14290L0564,0
APCL_14293L0592,0
APCL_14294L0593,0
APCL_14295L0631,0
APCL_14296L0632,0
APCL_14297L1014,417,APCL_14168L0912,417,415,1,-3.58944529895231E+0001,APCL_14244L0792,418,416,10,-6.77052424735127E+0001,417,30,-1.88071118222664E+0002, 0.00000000000000E+0000,,
APCL_14298L1015,0
APCL_14299L0565,0
APCL_14300L1016,417,APCL_14158L0909,418,416,7,-7.20348432227085E+0001,APCL_14554L0942,417,415,11,-5.61529547505536E+0001,417,33,-1.92193708197194E+0002, 0.00000000000000E+0000,,
APCL_14302L0633,0
APCL_14303L0595,0
APCL_14304L2444,0
APCL_14306L0594,0
APCL_14307L0808,419,APCL_13618L0886,416,416,3,-4.23703441069631E+0001,APCL_14158L0909,418,418,2,-5.57170501600780E+0001,419,23,-1.78574441196466E+0002, 0.00000000000000E+0000,,
APCL_14308L0596,0
APCL_14310L0597,0
APCL_14311L0612,0
APCL_14313L0809,417,APCL_14014L0984,417,415,4,-4.26089357280696E+0001,APCL_14158L0909,418,416,3,-6.42041416026450E+0001,417,27,-1.98973185494682E+0002, 0.00000000000000E+0000,,
APCL_14314L0613,0
APCL_14316L0600,0
APCL_14317L0806,417,APCL_13329L0354,419,417,6,-4.75830159074491E+0001,APCL_14309L1018,415,415,0, 1.21581141290384E+0002,417,10, 7.58261417756001E+0001, 3.55030303306647E+0000,*,
APCL_14319L0601,0
APCL_14320L0602,0
APCL_14322L0614,0
APCL_14323L0604,0
APCL_14324L0567,0
APCL_14327L0819,419,APCL_14014L0984,417,417,5,-6.13432946878525E+0001,APCL_14158L0909,418,418,4,-6.57756534659499E+0001,419,30,-2.12391190765433E+0002, 0.00000000000000E+0000,,
APCL_14328L0634,0
APCL_14329L0635,0
APCL_14331L2445,0
APCL_14332L0606,0
APCL_14334L2399,0
APCL_14336L0608,0
APCL_14338L2446,0
APCL_14339L0615,0
APCL_14340L0616,0
APCL_14341L0821,418,APCL_13618L0886,416,415,5,-6.47501188875764E+0001,APCL_14157L0715,414,413,4,-6.49964310091028E+0001,418,23,-1.89117674730416E+0002, 0.00000000000000E+0000,,
APCL_14342L0636,0
APCL_14343L0617,0
APCL_14344L0618,0
APCL_14345L0610,0
APCL_14346L0611,0
APCL_14347L0810,418,APCL_13618L0886,416,415,6,-7.36408575249667E+0001,APCL_14157L0715,414,413,2,-5.63025810883373E+0001,418,34,-2.50102351981786E+0002, 0.00000000000000E+0000,,
APCL_14348L0794,419,APCL_13566L0671,418,418,8,-4.84721374325677E+0001,APCL_14157L0715,414,414,4,-6.38679157622055E+0001,419,27,-1.71136086561735E+0002, 0.00000000000000E+0000,,
APCL_14349L1019,0
APCL_14351L0512,0
APCL_14354L2534,0
APCL_14358L2536,0
APCL_14359L0822,0
APCL_14361L0823,0
APCL_14362L2450,0
APCL_14367L2556,0
APCL_14374L2410,0
APCL_14375L2557,0
APCL_14376L2359,0
APCL_14379L2538,0
APCL_14381L0824,0
APCL_14382L2558,0
APCL_14383L2559,0
APCL_14385L0934,0
APCL_14386L0738,419,APCL_14157L0715,414,414,4,-6.40621280369859E+0001,APCL_14168L0912,417,417,2,-4.10888243808382E+0001,419,25,-2.01819477838315E+0002, 0.00000000000000E+0000,,
APCL_14389L0530,0
APCL_14392L0532,0
APCL_14393L0935,0
APCL_14394L0796,419,APCL_14014L0984,417,417,1,-3.64796362395985E+0001,APCL_14157L0715,414,414,2,-5.59281728477854E+0001,419,29,-2.08585671932166E+0002, 0.00000000000000E+0000,,
APCL_14395L0797,419,APCL_13621L0689,417,417,7,-6.32362134196227E+0001,APCL_14157L0715,414,414,0,-3.23786871487063E+0001,419,30,-1.92323464887100E+0002, 0.00000000000000E+0000,,
APCL_14396L1003,419,APCL_14157L0715,414,414,2,-5.71974034175991E+0001,APCL_14158L0909,418,418,2,-5.37823388666205E+0001,419,21,-1.91482282774586E+0002, 0.00000000000000E+0000,,
APCL_14397L1004,418,APCL_14014L0984,417,416,6,-6.89432599390231E+0001,APCL_14158L0909,418,417,2,-6.14259322799723E+0001,418,32,-2.38047791903284E+0002, 0.00000000000000E+0000,,
APCL_14399L0798,419,APCL_13530L0667,419,419,9,-5.19819612678839E+0001,APCL_14157L0715,414,414,4,-5.83878421552961E+0001,419,29,-1.79292297239697E+0002, 0.00000000000000E+0000,,
APCL_14400L0799,419,APCL_13618L0886,416,416,7,-6.59098303770058E+0001,APCL_14157L0715,414,414,6,-7.88886362750933E+0001,419,28,-2.07954916104326E+0002, 0.00000000000000E+0000,,
APCL_14401L1005,419,APCL_14014L0984,417,417,4,-5.37364829705824E+0001,APCL_14158L0909,418,418,4,-6.86207657215998E+0001,419,26,-2.03259656198604E+0002, 0.00000000000000E+0000,,
APCL_14402L0758,419,APCL_13530L0667,419,419,10,-7.82136366228213E+0001,APCL_14157L0715,414,414,2,-4.62284773950750E+0001,419,28,-1.93346318336549E+0002, 0.00000000000000E+0000,,
APCL_14403L0963,419,APCL_13655L0698,419,419,7,-5.60093962523466E+0001,APCL_14157L0715,414,414,1,-5.33690342874300E+0001,419,31,-2.03759497168255E+0002, 0.00000000000000E+0000,,
APCL_14404L0964,418,APCL_13618L0886,416,415,8,-8.76849386048019E+0001,APCL_14157L0715,414,413,4,-5.43449022887620E+0001,418,33,-2.38398316416559E+0002, 0.00000000000000E+0000,,
APCL_14405L2453,0
APCL_14406L1340,0
APCL_14407L0800,419,APCL_13618L0886,416,416,6,-7.55702808532917E+0001,APCL_14158L0909,418,418,3,-5.64615879462552E+0001,419,29,-2.14744432638597E+0002, 0.00000000000000E+0000,,
APCL_14408L0801,419,APCL_13618L0886,416,416,2,-3.96917656968765E+0001,APCL_14158L0909,418,418,2,-4.36818976850320E+0001,419,23,-1.72565082835524E+0002, 0.00000000000000E+0000,,
APCL_14409L0759,419,APCL_13618L0886,416,416,4,-5.80362757428122E+0001,APCL_14157L0715,414,414,2,-5.01404288075297E+0001,419,29,-2.12818872433471E+0002, 0.00000000000000E+0000,,
APCL_14410L0802,419,APCL_13264L0297,419,419,5,-2.34617127012567E+0001,APCL_14158L0909,418,418,1,-5.63241911532026E+0001,419,31,-1.89700239463408E+0002, 0.00000000000000E+0000,,
APCL_14411L0965,414,APCL_14078L0778,414,409,12,-7.02001501765664E+0001,APCL_14157L0715,414,409,0,-5.45837165614131E+0001,414,41,-2.53653370836832E+0002, 0.00000000000000E+0000,,
APCL_14412L0760,418,APCL_14168L0912,417,416,1,-3.85181213858569E+0001,APCL_14249L0816,419,418,5,-5.14794389926660E+0001,418,30,-1.98734030437471E+0002, 0.00000000000000E+0000,,
APCL_14417L0803,419,APCL_13618L0886,416,416,2,-4.74617023215347E+0001,APCL_14158L0909,418,418,2,-5.44558175902946E+0001,419,24,-1.92940916211393E+0002, 0.00000000000000E+0000,,
APCL_14418L0762,419,APCL_13618L0886,416,416,5,-6.61049548496996E+0001,APCL_14168L0912,417,417,4,-5.24551658054354E+0001,419,34,-2.27541974742312E+0002, 0.00000000000000E+0000,,
APCL_14419L1007,419,APCL_14014L0984,417,417,5,-7.13262703056463E+0001,APCL_14158L0909,418,418,1,-3.67387453525019E+0001,419,27,-1.96355454188509E+0002, 0.00000000000000E+0000,,
APCL_14420L0804,419,APCL_13618L0886,416,416,4,-6.84671618399265E+0001,APCL_14157L0715,414,414,1,-4.60068492262318E+0001,419,25,-2.00793876686924E+0002, 0.00000000000000E+0000,,
APCL_14421L0826,410,APCL_14157L0715,414,405,6,-7.22791563702986E+0001,APCL_14169L0716,419,410,9,-7.80608457604717E+0001,410,27,-2.13327364203132E+0002, 0.00000000000000E+0000,,
APCL_14422L1020,415,APCL_13618L0886,416,412,2,-3.34367965804255E+0001,APCL_14157L0715,414,410,3,-5.08466736083138E+0001,415,23,-1.63804080505759E+0002, 0.00000000000000E+0000,,
APCL_14423L0562,0
APCL_14424L1342,0
APCL_14425L1343,0
APCL_14426L0563,0
APCL_14427L2539,0
APCL_14428L1021,412,APCL_14168L0912,417,410,6,-7.31597577109346E+0001,APCL_14249L0816,419,412,9,-7.13140330479591E+0001,412,33,-2.24379728265296E+0002, 0.00000000000000E+0000,,
APCL_14429L2454,0
APCL_14430L2455,0
APCL_14431L1009,419,APCL_13618L0886,416,416,5,-5.51293757603632E+0001,APCL_14158L0909,418,418,2,-5.88964600549246E+0001,419,20,-1.75106235802944E+0002, 0.00000000000000E+0000,,
APCL_14432L0763,419,APCL_13322L0350,419,419,10,-6.40729009441435E+0001,APCL_14158L0909,418,418,1,-4.78809717977014E+0001,419,32,-2.02223331789155E+0002, 0.00000000000000E+0000,,
APCL_14434L1344,0
APCL_14436L1345,0
APCL_14439L1346,0
APCL_14440L1347,0
APCL_14441L0619,0
APCL_14442L0966,0
APCL_14443L0815,419,APCL_13618L0886,416,416,6,-6.95211868266432E+0001,APCL_14157L0715,414,414,3,-6.36707293254880E+0001,419,29,-2.16633763830186E+0002, 0.00000000000000E+0000,,
APCL_14444L2522,0
APCL_14445L0742,418,APCL_14157L0715,414,413,1,-4.58125768854630E+0001,APCL_14203L0786,418,417,4,-4.66300204111159E+0001,418,28,-1.89898503209312E+0002, 0.00000000000000E+0000,,
APCL_14446L0743,419,APCL_13618L0886,416,416,2,-4.35751046559467E+0001,APCL_14168L0912,417,417,0,-2.93418610571183E+0001,419,24,-1.69255553189172E+0002, 0.00000000000000E+0000,,
APCL_14449L0625,0
APCL_14450L0936,417,APCL_13618L0886,416,414,4,-4.73707946156596E+0001,APCL_14157L0715,414,412,3,-5.51437202998725E+0001,417,28,-1.95091706315253E+0002, 0.00000000000000E+0000,,
APCL_14453L0745,418,APCL_13615L0884,418,417,7,-5.56403397973866E+0001,APCL_14157L0715,414,413,4,-6.65340424628234E+0001,418,29,-1.99596872141935E+0002, 0.00000000000000E+0000,,
APCL_14454L0626,0
APCL_14455L0764,418,APCL_13481L0657,419,418,12,-7.00702369128327E+0001,APCL_14158L0909,418,417,1,-4.77195302475785E+0001,418,30,-1.85271031530911E+0002, 0.00000000000000E+0000,,
APCL_14457L0627,0
APCL_14459L0547,0
APCL_14460L0628,0
APCL_14461L0937,418,APCL_13618L0886,416,415,6,-6.34738554889352E+0001,APCL_14249L0816,419,418,9,-7.34103190967983E+0001,418,30,-1.97359567046805E+0002, 0.00000000000000E+0000,,
APCL_14462L2456,0
APCL_14463L2457,0
APCL_14465L2458,0
APCL_14466L0828,0
APCL_14475L2542,0
APCL_14477L0829,0
APCL_14479L2544,0
APCL_14482L2547,0
APCL_14484L2469,0
APCL_14485L2548,0
APCL_14486L2549,0
APCL_14487L2550,0
APCL_14488L2551,0
APCL_14489L0830,0
APCL_14490L2520,0
APCL_14495L1012,0
APCL_14500L2351,0
APCL_14501L0746,0
APCL_14502L0548,0
APCL_14503L2255,0
APCL_14506L1325,0
APCL_14507L2502,0
APCL_14508L1011,0
APCL_14509L1326,0
APCL_14510L2514,0
APCL_14512L1298,0
APCL_14513L2353,0
APCL_14514L2503,0
APCL_14517L0811,0
APCL_14519L2256,0
APCL_14521L2257,0
APCL_14522L2258,0
APCL_14524L0970,0
APCL_14527L2504,0
APCL_14530L0972,0
APCL_14531L2517,0
APCL_14532L0941,0
APCL_14533L1294,0
APCL_14534L2505,0
APCL_14535L2403,0
APCL_14536L1334,0
APCL_14540L0813,419,APCL_14014L0984,417,417,4,-5.55474995308782E+0001,APCL_14168L0912,417,417,1,-2.23165437574048E+0001,419,33,-1.99117406637913E+0002, 0.00000000000000E+0000,,
APCL_14541L0973,419,APCL_14168L0912,417,417,3,-3.98234468646303E+0001,APCL_14248L0757,418,418,8,-5.72310974483911E+0001,419,39,-2.16717409256896E+0002, 0.00000000000000E+0000,,
APCL_14542L0621,0
APCL_14547L0539,0
APCL_14550L0624,0
APCL_14552L0551,0
APCL_14555L0770,419,APCL_14157L0715,414,414,4,-5.64621583937209E+0001,APCL_14169L0716,419,419,6,-4.70445565764434E+0001,419,26,-1.82873042024883E+0002, 0.00000000000000E+0000,,
